{"blueCpu":[59.77011494252874,43.01075268817204,35.16483516483517,50.56179775280899,35.55555555555556,58.44155844155844,41.77215189873418,41.11111111111111,58.0246913580247,43.90243902439025,48.80952380952381,41.30434782608695,51.28205128205128,47.19101123595505,42.857142857142854,40,52.87356321839081,44.31818181818182,41.75824175824176,45.45454545454545,46.15384615384615,35.95505617977528,37.07865168539326,56.97674418604651,79.45205479452055,100,100,100,89.85507246376811,41.75824175824176,62.65060240963856,47.72727272727273,47.19101123595505,50.53763440860215,55.952380952380956,38.70967741935484,40.44943820224719,32.608695652173914,34.44444444444444,47.25274725274725,52.94117647058824,35.55555555555556,55.68181818181818,36.666666666666664,40.65934065934066,45.55555555555556,73.80952380952381,50.63291139240506,43.333333333333336,44.086021505376344,61.1764705882353,63.33333333333333,48.38709677419355,1.0204081632653061,2.0202020202020203,1.0204081632653061,3.0303030303030303,2.0202020202020203,2.0408163265306123,2.8999826415609764],"blueMemory":[82.0331844491684,81.74258166734342,82.0152705790559,81.9901911608984,81.9682964307609,81.91495290642591,81.91495290642591,81.91495290642591,81.91813759444591,81.91813759444591,82.0654294153709,81.9400323245834,81.9682964307609,81.9651117427409,81.9432170126034,81.9432170126034,81.9432170126034,81.8898734882684,81.8898734882684,81.8647940701109,81.8679787581309,81.79274050365841,81.78955581563841,81.79274050365841,81.81463523379591,81.78039983758092,81.66137212283341,81.35086504088343,80.80230252943846,80.011305642471,80.011305642471,80.011305642471,79.96433149417601,79.910987969841,79.8389344033885,79.810670297211,79.71353731260102,79.69164258246352,79.58814022181352,79.58814022181352,79.45955844300603,79.36242545839603,79.33734604023853,79.33734604023853,79.35924077037603,79.35924077037603,79.36242545839603,79.23702836760854,79.13352600695855,78.73544000445857,78.68528116814356,78.43448698656857,79.08655185866354,79.73224735471851,79.73224735471851,79.73224735471851,79.73224735471851,79.73224735471851,79.73224735471851,79.73224735471851],"greenCpu":[35.1063829787234,34.73684210526316,38.88888888888889,53.246753246753244,44.9438202247191,46.42857142857143,41.935483870967744,40.44943820224719,39.325842696629216,42.857142857142854,44.9438202247191,64.47368421052632,60.86956521739131,41.75824175824176,40.44943820224719,100,82.95454545454545,37.07865168539326,42.22222222222222,44.31818181818182,96.55172413793103,90.58823529411765,44.9438202247191,46.15384615384615,69.1358024691358,71.05263157894737,51.08695652173913,36.666666666666664,40.21739130434783,51.76470588235295,49.45054945054945,43.67816091954023,57.14285714285714,40.44943820224719,40.86021505376344,37.77777777777778,50.53763440860215,52.94117647058824,60.71428571428571,60,93.84615384615384,92.3076923076923,80.24691358024691,47.72727272727273,63.63636363636363,78.04878048780488,62.06896551724138,3.0303030303030303,2.0202020202020203,1.0204081632653061,1.0204081632653061,4.081632653061225,1.0204081632653061,0,1.0101010101010102,2.0202020202020203,3.0927835051546393,3.0303030303030303,0,2.0202020202020203],"greenMemory":[80.52603084370347,80.50413611356598,80.50413611356598,80.47587200738847,80.47905669540847,80.50095142554598,80.57618968001847,80.55111026186097,80.55111026186097,80.52921553172348,80.52921553172348,80.52603084370347,80.45079258923097,80.40063375291598,80.40381844093598,80.38192371079847,81.38032340506842,80.35047491660099,80.34729022858099,80.32539549844348,80.37555433475848,81.46113486357592,80.35365960462099,80.37236964673848,81.63032141463842,81.62713672661842,81.57697789030343,81.37952723306343,81.30110429057093,81.22586603609844,81.15062778162594,81.05349479701594,81.00333596070095,80.97507185452345,80.92172833018846,80.89983360005095,80.85285945175596,80.85285945175596,80.82459534557846,80.77443650926347,80.77443650926347,80.67730352465347,80.51130166161097,80.14745105532599,80.1223716371685,80.003343922421,79.42970199281852,79.38869913456104,79.38869913456104,79.38869913456104,79.38869913456104,79.38869913456104,79.38869913456104,79.38869913456104,79.39188382258104,79.39188382258104,79.39188382258104,79.850478897461,79.80032006114601,79.80032006114601],"blueLatency":[35,22,19,18,19,29,33,22,20,26,24,15,17,18,20,16,18,17,18,13,19,36,13,12,11,10,11,13,10,14,11,18,14,11,11,12,16,16,19,22,16,15,16,31,12,15,11,12,14,19,11,11,17,10,10,13,14,13,18,15],"blueStatus":[200,200,200,200,200,200,200,200,200,200,200,200,200,200,200,200,200,200,200,200,200,200,200,200,200,200,200,200,200,200,200,200,200,200,200,200,200,200,200,200,200,200,200,200,200,200,200,200,200,200,200,200,200,200,200,200,200,200,200,200],"greenLatency":[17,23,19,19,21,26,32,20,22,20,20,13,26,19,25,16,15,16,25,16,16,21,17,11,13,11,10,11,9,10,11,14,53,10,12,11,20,14,16,20,16,16,15,21,13,10,10,11,12,13,10,10,16,10,12,11,13,12,15,15],"greenStatus":[200,200,200,200,200,200,200,200,200,200,200,200,200,200,200,200,200,200,200,200,200,200,200,200,200,200,200,200,200,200,200,200,200,200,200,200,200,200,200,200,200,200,200,200,200,200,200,200,200,200,200,200,200,200,200,200,200,200,200,200]}